010101010101020202030303,1
010101010102020202020303,1
010101010102020203030304,1
010101010102020303030303,1
010101010102020303030405,1
010101010102020303040404,1
010101010102020303040506,1
010101010102020303050505,1
010101010102020303050607,1
010101010102020303060606,1
010101010102020303060708,1
010101010102020303070707,1
010101010102020303070809,1
010101010102020303080808,1
010101010102020303090909,1
010101010202020202030304,1
010101010202020203030303,1
010101010202020203030405,1
010101010202020203040404,1
010101010202020203040506,1
010101010202020203050505,1
010101010202020203050607,1
010101010202020203060606,1
010101010202020203060708,1
010101010202020203070707,1
010101010202020203070809,1
010101010202020203080808,1
010101010202020203090909,1
010101010202020303030404,1
010101010202030303030304,1
010101010202030303040405,1
010101010202030304040404,1
010101010202030304040506,1
010101010202030304050505,1
010101010202030304050607,1
010101010202030304060606,1
010101010202030304060708,1
010101010202030304070707,1
010101010202030304070809,1
010101010202030304080808,1
010101010202030304090909,1
010101010203030303030405,1
010101010203030303040404,1
010101010203030303040506,1
010101010203030303050505,1
010101010203030303050607,1
010101010203030303060606,1
010101010203030303060708,1
010101010203030303070707,1
010101010203030303070809,1
010101010203030303080808,1
010101010203030303090909,1
010101010203030304040505,1
010101010203030404040405,1
010101010203030404050506,1
010101010203030405050505,1
010101010203030405050607,1
010101010203030405060606,1
010101010203030405060708,1
010101010203030405070707,1
010101010203030405070809,1
010101010203030405080808,1
010101010203030405090909,1
010101010203040404040506,1
010101010203040404050505,1
010101010203040404050607,1
010101010203040404060606,1
010101010203040404060708,1
010101010203040404070707,1
010101010203040404070809,1
010101010203040404080808,1
010101010203040404090909,1
010101010203040405050606,1
010101010203040505050506,1
010101010203040505060607,1
010101010203040506060606,1
010101010203040506060708,1
010101010203040506070707,1
010101010203040506070809,1
010101010203040506080808,1
010101010203040506090909,1
010101010203050505050607,1
010101010203050505060606,1
010101010203050505060708,1
010101010203050505070707,1
010101010203050505070809,1
010101010203050505080808,1
010101010203050505090909,1
010101010203050506060707,1
010101010203050606060607,1
010101010203050606070708,1
010101010203050607070707,1
010101010203050607070809,1
010101010203050607080808,1
010101010203050607090909,1
010101010203060606060708,1
010101010203060606070707,1
010101010203060606070809,1
010101010203060606080808,1
010101010203060606090909,1
010101010203060607070808,1
010101010203060707070708,1
010101010203060707080809,1
010101010203060708080808,1
010101010203060708090909,1
010101010203070707070809,1
010101010203070707080808,1
010101010203070707090909,1
010101010203070708080909,1
010101010203070808080809,1
010101010203070809090909,1
010101010203080808090909,1
010101020202020202030303,1
010101020202020203030404,1
010101020202020303030304,1
010101020202020303040405,1
010101020202020304040404,1
010101020202020304040506,1
010101020202020304050505,1
010101020202020304050607,1
010101020202020304060606,1
010101020202020304060708,1
010101020202020304070707,1
010101020202020304070809,1
010101020202020304080808,1
010101020202020304090909,1
010101020202030303030303,1
010101020202030303030405,1
010101020202030303040404,1
010101020202030303040506,1
010101020202030303050505,1
010101020202030303050607,1
010101020202030303060606,1
010101020202030303060708,1
010101020202030303070707,1
010101020202030303070809,1
010101020202030303080808,1
010101020202030303090909,1
010101020202030304040505,1
010101020202030404040405,1
010101020202030404050506,1
010101020202030405050505,1
010101020202030405050607,1
010101020202030405060606,1
010101020202030405060708,1
010101020202030405070707,1
010101020202030405070809,1
010101020202030405080808,1
010101020202030405090909,1
010101020202040404040506,1
010101020202040404050607,1
010101020202040404060708,1
010101020202040404070809,1
010101020202040405050606,1
010101020202040505050506,1
010101020202040505060607,1
010101020202040506060606,1
010101020202040506060708,1
010101020202040506070707,1
010101020202040506070809,1
010101020202040506080808,1
010101020202040506090909,1
010101020202050505050607,1
010101020202050505060708,1
010101020202050505070809,1
010101020202050506060707,1
010101020202050606060607,1
010101020202050606070708,1
010101020202050607070707,1
010101020202050607070809,1
010101020202050607080808,1
010101020202050607090909,1
010101020202060606060708,1
010101020202060606070809,1
010101020202060607070808,1
010101020202060707070708,1
010101020202060707080809,1
010101020202060708080808,1
010101020202060708090909,1
010101020202070707070809,1
010101020202070708080909,1
010101020202070808080809,1
010101020202070809090909,1
010101020203030303030404,1
010101020203030304040405,1
010101020203030404040404,1
010101020203030404040506,1
010101020203030404050505,1
010101020203030404050607,1
010101020203030404060606,1
010101020203030404060708,1
010101020203030404070707,1
010101020203030404070809,1
010101020203030404080808,1
010101020203030404090909,1
010101020303030303040405,1
010101020303030304040404,1
010101020303030304040506,1
010101020303030304050505,1
010101020303030304050607,1
010101020303030304060606,1
010101020303030304060708,1
010101020303030304070707,1
010101020303030304070809,1
010101020303030304080808,1
010101020303030304090909,1
010101020303030404040505,1
010101020303040404040405,1
010101020303040404050506,1
010101020303040405050505,1
010101020303040405050607,1
010101020303040405060606,1
010101020303040405060708,1
010101020303040405070707,1
010101020303040405070809,1
010101020303040405080808,1
010101020303040405090909,1
010101020304040404040506,1
010101020304040404050505,1
010101020304040404050607,1
010101020304040404060606,1
010101020304040404060708,1
010101020304040404070707,1
010101020304040404070809,1
010101020304040404080808,1
010101020304040404090909,1
010101020304040405050606,1
010101020304040505050506,1
010101020304040505060607,1
010101020304040506060606,1
010101020304040506060708,1
010101020304040506070707,1
010101020304040506070809,1
010101020304040506080808,1
010101020304040506090909,1
010101020304050505050607,1
010101020304050505060606,1
010101020304050505060708,1
010101020304050505070707,1
010101020304050505070809,1
010101020304050505080808,1
010101020304050505090909,1
010101020304050506060707,1
010101020304050606060607,1
010101020304050606070708,1
010101020304050607070707,1
010101020304050607070809,1
010101020304050607080808,1
010101020304050607090909,1
010101020304060606060708,1
010101020304060606070707,1
010101020304060606070809,1
010101020304060606080808,1
010101020304060606090909,1
010101020304060607070808,1
010101020304060707070708,1
010101020304060707080809,1
010101020304060708080808,1
010101020304060708090909,1
010101020304070707070809,1
010101020304070707080808,1
010101020304070707090909,1
010101020304070708080909,1
010101020304070808080809,1
010101020304070809090909,1
010101020304080808090909,1
010101030303030304040505,1
010101030303030404040405,1
010101030303030404050506,1
010101030303030405050505,1
010101030303030405050607,1
010101030303030405060606,1
010101030303030405060708,1
010101030303030405070707,1
010101030303030405070809,1
010101030303030405080808,1
010101030303030405090909,1
010101030303040404040506,1
010101030303040404050505,1
010101030303040404050607,1
010101030303040404060708,1
010101030303040404070809,1
010101030303040405050606,1
010101030303040505050506,1
010101030303040505060607,1
010101030303040506060606,1
010101030303040506060708,1
010101030303040506070707,1
010101030303040506070809,1
010101030303040506080808,1
010101030303040506090909,1
010101030303050505050607,1
010101030303050505060708,1
010101030303050505070809,1
010101030303050506060707,1
010101030303050606060607,1
010101030303050606070708,1
010101030303050607070707,1
010101030303050607070809,1
010101030303050607080808,1
010101030303050607090909,1
010101030303060606060708,1
010101030303060606070809,1
010101030303060607070808,1
010101030303060707070708,1
010101030303060707080809,1
010101030303060708080808,1
010101030303060708090909,1
010101030303070707070809,1
010101030303070708080909,1
010101030303070808080809,1
010101030303070809090909,1
010101030304040404040505,1
010101030304040405050506,1
010101030304040505050505,1
010101030304040505050607,1
010101030304040505060606,1
010101030304040505060708,1
010101030304040505070707,1
010101030304040505070809,1
010101030304040505080808,1
010101030304040505090909,1
010101030404040404050506,1
010101030404040405050505,1
010101030404040405050607,1
010101030404040405060606,1
010101030404040405060708,1
010101030404040405070707,1
010101030404040405070809,1
010101030404040405080808,1
010101030404040405090909,1
010101030404040505050606,1
010101030404050505050506,1
010101030404050505060607,1
010101030404050506060606,1
010101030404050506060708,1
010101030404050506070707,1
010101030404050506070809,1
010101030404050506080808,1
010101030404050506090909,1
010101030405050505050607,1
010101030405050505060606,1
010101030405050505060708,1
010101030405050505070707,1
010101030405050505070809,1
010101030405050505080808,1
010101030405050505090909,1
010101030405050506060707,1
010101030405050606060607,1
010101030405050606070708,1
010101030405050607070707,1
010101030405050607070809,1
010101030405050607080808,1
010101030405050607090909,1
010101030405060606060708,1
010101030405060606070707,1
010101030405060606070809,1
010101030405060606080808,1
010101030405060606090909,1
010101030405060607070808,1
010101030405060707070708,1
010101030405060707080809,1
010101030405060708080808,1
010101030405060708090909,1
010101030405070707070809,1
010101030405070707080808,1
010101030405070707090909,1
010101030405070708080909,1
010101030405070808080809,1
010101030405070809090909,1
010101030405080808090909,1
010101040404040405050606,1
010101040404040505050506,1
010101040404040505060607,1
010101040404040506060606,1
010101040404040506060708,1
010101040404040506070707,1
010101040404040506070809,1
010101040404040506080808,1
010101040404040506090909,1
010101040404050505050607,1
010101040404050505060606,1
010101040404050505060708,1
010101040404050505070809,1
010101040404050506060707,1
010101040404050606060607,1
010101040404050606070708,1
010101040404050607070707,1
010101040404050607070809,1
010101040404050607080808,1
010101040404050607090909,1
010101040404060606060708,1
010101040404060606070809,1
010101040404060607070808,1
010101040404060707070708,1
010101040404060707080809,1
010101040404060708080808,1
010101040404060708090909,1
010101040404070707070809,1
010101040404070708080909,1
010101040404070808080809,1
010101040404070809090909,1
010101040405050505050606,1
010101040405050506060607,1
010101040405050606060606,1
010101040405050606060708,1
010101040405050606070707,1
010101040405050606070809,1
010101040405050606080808,1
010101040405050606090909,1
010101040505050505060607,1
010101040505050506060606,1
010101040505050506060708,1
010101040505050506070707,1
010101040505050506070809,1
010101040505050506080808,1
010101040505050506090909,1
010101040505050606060707,1
010101040505060606060607,1
010101040505060606070708,1
010101040505060607070707,1
010101040505060607070809,1
010101040505060607080808,1
010101040505060607090909,1
010101040506060606060708,1
010101040506060606070707,1
010101040506060606070809,1
010101040506060606080808,1
010101040506060606090909,1
010101040506060607070808,1
010101040506060707070708,1
010101040506060707080809,1
010101040506060708080808,1
010101040506060708090909,1
010101040506070707070809,1
010101040506070707080808,1
010101040506070707090909,1
010101040506070708080909,1
010101040506070808080809,1
010101040506070809090909,1
010101040506080808090909,1
010101050505050506060707,1
010101050505050606060607,1
010101050505050606070708,1
010101050505050607070707,1
010101050505050607070809,1
010101050505050607080808,1
010101050505050607090909,1
010101050505060606060708,1
010101050505060606070707,1
010101050505060606070809,1
010101050505060607070808,1
010101050505060707070708,1
010101050505060707080809,1
010101050505060708080808,1
010101050505060708090909,1
010101050505070707070809,1
010101050505070708080909,1
010101050505070808080809,1
010101050505070809090909,1
010101050506060606060707,1
010101050506060607070708,1
010101050506060707070707,1
010101050506060707070809,1
010101050506060707080808,1
010101050506060707090909,1
010101050606060606070708,1
010101050606060607070707,1
010101050606060607070809,1
010101050606060607080808,1
010101050606060607090909,1
010101050606060707070808,1
010101050606070707070708,1
010101050606070707080809,1
010101050606070708080808,1
010101050606070708090909,1
010101050607070707070809,1
010101050607070707080808,1
010101050607070707090909,1
010101050607070708080909,1
010101050607070808080809,1
010101050607070809090909,1
010101050607080808090909,1
010101060606060607070808,1
010101060606060707070708,1
010101060606060707080809,1
010101060606060708080808,1
010101060606060708090909,1
010101060606070707070809,1
010101060606070707080808,1
010101060606070708080909,1
010101060606070808080809,1
010101060606070809090909,1
010101060607070707070808,1
010101060607070708080809,1
010101060607070808080808,1
010101060607070808090909,1
010101060707070707080809,1
010101060707070708080808,1
010101060707070708090909,1
010101060707070808080909,1
010101060707080808080809,1
010101060707080809090909,1
010101060708080808090909,1
010101070707070708080909,1
010101070707070808080809,1
010101070707070809090909,1
010101070707080808090909,1
010101070708080808080909,1
010101070708080909090909,1
010101070808080809090909,1
010102020202020203030304,1
010102020202020303030303,1
010102020202020303030405,1
010102020202020303040404,1
010102020202020303040506,1
010102020202020303050505,1
010102020202020303050607,1
010102020202020303060606,1
010102020202020303060708,1
010102020202020303070707,1
010102020202020303070809,1
010102020202020303080808,1
010102020202020303090909,1
010102020202030303030404,1
010102020203030303030304,1
010102020203030303040405,1
010102020203030304040404,1
010102020203030304040506,1
010102020203030304050505,1
010102020203030304050607,1
010102020203030304060606,1
010102020203030304060708,1
010102020203030304070707,1
010102020203030304070809,1
010102020203030304080808,1
010102020203030304090909,1
010102020303030303030405,1
010102020303030303040404,1
010102020303030303040506,1
010102020303030303050505,1
010102020303030303050607,1
010102020303030303060606,1
010102020303030303060708,1
010102020303030303070707,1
010102020303030303070809,1
010102020303030303080808,1
010102020303030303090909,1
010102020303030304040505,1
010102020303030404040405,1
010102020303030404050506,1
010102020303030405050505,1
010102020303030405050607,1
010102020303030405060606,1
010102020303030405060708,1
010102020303030405070707,1
010102020303030405070809,1
010102020303030405080808,1
010102020303030405090909,1
010102020303040404040506,1
010102020303040404050505,1
010102020303040404050607,1
010102020303040404060606,1
010102020303040404060708,1
010102020303040404070707,1
010102020303040404070809,1
010102020303040404080808,1
010102020303040404090909,1
010102020303040405050606,1
010102020303040505050506,1
010102020303040505060607,1
010102020303040506060606,1
010102020303040506060708,1
010102020303040506070707,1
010102020303040506070809,1
010102020303040506080808,1
010102020303040506090909,1
010102020303050505050607,1
010102020303050505060606,1
010102020303050505060708,1
010102020303050505070707,1
010102020303050505070809,1
010102020303050505080808,1
010102020303050505090909,1
010102020303050506060707,1
010102020303050606060607,1
010102020303050606070708,1
010102020303050607070707,1
010102020303050607070809,1
010102020303050607080808,1
010102020303050607090909,1
010102020303060606060708,1
010102020303060606070707,1
010102020303060606070809,1
010102020303060606080808,1
010102020303060606090909,1
010102020303060607070808,1
010102020303060707070708,1
010102020303060707080809,1
010102020303060708080808,1
010102020303060708090909,1
010102020303070707070809,1
010102020303070707080808,1
010102020303070707090909,1
010102020303070708080909,1
010102020303070808080809,1
010102020303070809090909,1
010102020303080808090909,1
010202020202020303030404,1
010202020202030303030304,1
010202020202030303040405,1
010202020202030304040404,1
010202020202030304040506,1
010202020202030304050505,1
010202020202030304050607,1
010202020202030304060606,1
010202020202030304060708,1
010202020202030304070707,1
010202020202030304070809,1
010202020202030304080808,1
010202020202030304090909,1
010202020203030303030405,1
010202020203030303040404,1
010202020203030303040506,1
010202020203030303050505,1
010202020203030303050607,1
010202020203030303060606,1
010202020203030303060708,1
010202020203030303070707,1
010202020203030303070809,1
010202020203030303080808,1
010202020203030303090909,1
010202020203030304040505,1
010202020203030404040405,1
010202020203030404050506,1
010202020203030405050505,1
010202020203030405050607,1
010202020203030405060606,1
010202020203030405060708,1
010202020203030405070707,1
010202020203030405070809,1
010202020203030405080808,1
010202020203030405090909,1
010202020203040404040506,1
010202020203040404050505,1
010202020203040404050607,1
010202020203040404060606,1
010202020203040404060708,1
010202020203040404070707,1
010202020203040404070809,1
010202020203040404080808,1
010202020203040404090909,1
010202020203040405050606,1
010202020203040505050506,1
010202020203040505060607,1
010202020203040506060606,1
010202020203040506060708,1
010202020203040506070707,1
010202020203040506070809,1
010202020203040506080808,1
010202020203040506090909,1
010202020203050505050607,1
010202020203050505060606,1
010202020203050505060708,1
010202020203050505070707,1
010202020203050505070809,1
010202020203050505080808,1
010202020203050505090909,1
010202020203050506060707,1
010202020203050606060607,1
010202020203050606070708,1
010202020203050607070707,1
010202020203050607070809,1
010202020203050607080808,1
010202020203050607090909,1
010202020203060606060708,1
010202020203060606070707,1
010202020203060606070809,1
010202020203060606080808,1
010202020203060606090909,1
010202020203060607070808,1
010202020203060707070708,1
010202020203060707080809,1
010202020203060708080808,1
010202020203060708090909,1
010202020203070707070809,1
010202020203070707080808,1
010202020203070707090909,1
010202020203070708080909,1
010202020203070808080809,1
010202020203070809090909,1
010202020203080808090909,1
010202020303030303030404,1
010202020303030304040405,1
010202020303030404040404,1
010202020303030404040506,1
010202020303030404050505,1
010202020303030404050607,1
010202020303030404060606,1
010202020303030404060708,1
010202020303030404070707,1
010202020303030404070809,1
010202020303030404080808,1
010202020303030404090909,1
010202030303030303040405,1
010202030303030304040404,1
010202030303030304040506,1
010202030303030304050505,1
010202030303030304050607,1
010202030303030304060606,1
010202030303030304060708,1
010202030303030304070707,1
010202030303030304070809,1
010202030303030304080808,1
010202030303030304090909,1
010202030303030404040505,1
010202030303040404040405,1
010202030303040404050506,1
010202030303040405050505,1
010202030303040405050607,1
010202030303040405060606,1
010202030303040405060708,1
010202030303040405070707,1
010202030303040405070809,1
010202030303040405080808,1
010202030303040405090909,1
010202030304040404040506,1
010202030304040404050505,1
010202030304040404050607,1
010202030304040404060606,1
010202030304040404060708,1
010202030304040404070707,1
010202030304040404070809,1
010202030304040404080808,1
010202030304040404090909,1
010202030304040405050606,1
010202030304040505050506,1
010202030304040505060607,1
010202030304040506060606,1
010202030304040506060708,1
010202030304040506070707,1
010202030304040506070809,1
010202030304040506080808,1
010202030304040506090909,1
010202030304050505050607,1
010202030304050505060606,1
010202030304050505060708,1
010202030304050505070707,1
010202030304050505070809,1
010202030304050505080808,1
010202030304050505090909,1
010202030304050506060707,1
010202030304050606060607,1
010202030304050606070708,1
010202030304050607070707,1
010202030304050607070809,1
010202030304050607080808,1
010202030304050607090909,1
010202030304060606060708,1
010202030304060606070707,1
010202030304060606070809,1
010202030304060606080808,1
010202030304060606090909,1
010202030304060607070808,1
010202030304060707070708,1
010202030304060707080809,1
010202030304060708080808,1
010202030304060708090909,1
010202030304070707070809,1
010202030304070707080808,1
010202030304070707090909,1
010202030304070708080909,1
010202030304070808080809,1
010202030304070809090909,1
010202030304080808090909,1
010203030303030304040505,1
010203030303030404040405,1
010203030303030404050506,1
010203030303030405050505,1
010203030303030405050607,1
010203030303030405060606,1
010203030303030405060708,1
010203030303030405070707,1
010203030303030405070809,1
010203030303030405080808,1
010203030303030405090909,1
010203030303040404040506,1
010203030303040404050505,1
010203030303040404050607,1
010203030303040404060606,1
010203030303040404060708,1
010203030303040404070707,1
010203030303040404070809,1
010203030303040404080808,1
010203030303040404090909,1
010203030303040405050606,1
010203030303040505050506,1
010203030303040505060607,1
010203030303040506060606,1
010203030303040506060708,1
010203030303040506070707,1
010203030303040506070809,1
010203030303040506080808,1
010203030303040506090909,1
010203030303050505050607,1
010203030303050505060606,1
010203030303050505060708,1
010203030303050505070707,1
010203030303050505070809,1
010203030303050505080808,1
010203030303050505090909,1
010203030303050506060707,1
010203030303050606060607,1
010203030303050606070708,1
010203030303050607070707,1
010203030303050607070809,1
010203030303050607080808,1
010203030303050607090909,1
010203030303060606060708,1
010203030303060606070707,1
010203030303060606070809,1
010203030303060606080808,1
010203030303060606090909,1
010203030303060607070808,1
010203030303060707070708,1
010203030303060707080809,1
010203030303060708080808,1
010203030303060708090909,1
010203030303070707070809,1
010203030303070707080808,1
010203030303070707090909,1
010203030303070708080909,1
010203030303070808080809,1
010203030303070809090909,1
010203030303080808090909,1
010203030304040404040505,1
010203030304040405050506,1
010203030304040505050505,1
010203030304040505050607,1
010203030304040505060606,1
010203030304040505060708,1
010203030304040505070707,1
010203030304040505070809,1
010203030304040505080808,1
010203030304040505090909,1
010203030404040404050506,1
010203030404040405050505,1
010203030404040405050607,1
010203030404040405060606,1
010203030404040405060708,1
010203030404040405070707,1
010203030404040405070809,1
010203030404040405080808,1
010203030404040405090909,1
010203030404040505050606,1
010203030404050505050506,1
010203030404050505060607,1
010203030404050506060606,1
010203030404050506060708,1
010203030404050506070707,1
010203030404050506070809,1
010203030404050506080808,1
010203030404050506090909,1
010203030405050505050607,1
010203030405050505060606,1
010203030405050505060708,1
010203030405050505070707,1
010203030405050505070809,1
010203030405050505080808,1
010203030405050505090909,1
010203030405050506060707,1
010203030405050606060607,1
010203030405050606070708,1
010203030405050607070707,1
010203030405050607070809,1
010203030405050607080808,1
010203030405050607090909,1
010203030405060606060708,1
010203030405060606070707,1
010203030405060606070809,1
010203030405060606080808,1
010203030405060606090909,1
010203030405060607070808,1
010203030405060707070708,1
010203030405060707080809,1
010203030405060708080808,1
010203030405060708090909,1
010203030405070707070809,1
010203030405070707080808,1
010203030405070707090909,1
010203030405070708080909,1
010203030405070808080809,1
010203030405070809090909,1
010203030405080808090909,1
010203040404040405050606,1
010203040404040505050506,1
010203040404040505060607,1
010203040404040506060606,1
010203040404040506060708,1
010203040404040506070707,1
010203040404040506070809,1
010203040404040506080808,1
010203040404040506090909,1
010203040404050505050607,1
010203040404050505060606,1
010203040404050505060708,1
010203040404050505070707,1
010203040404050505070809,1
010203040404050505080808,1
010203040404050505090909,1
010203040404050506060707,1
010203040404050606060607,1
010203040404050606070708,1
010203040404050607070707,1
010203040404050607070809,1
010203040404050607080808,1
010203040404050607090909,1
010203040404060606060708,1
010203040404060606070707,1
010203040404060606070809,1
010203040404060606080808,1
010203040404060606090909,1
010203040404060607070808,1
010203040404060707070708,1
010203040404060707080809,1
010203040404060708080808,1
010203040404060708090909,1
010203040404070707070809,1
010203040404070707080808,1
010203040404070707090909,1
010203040404070708080909,1
010203040404070808080809,1
010203040404070809090909,1
010203040404080808090909,1
010203040405050505050606,1
010203040405050506060607,1
010203040405050606060606,1
010203040405050606060708,1
010203040405050606070707,1
010203040405050606070809,1
010203040405050606080808,1
010203040405050606090909,1
010203040505050505060607,1
010203040505050506060606,1
010203040505050506060708,1
010203040505050506070707,1
010203040505050506070809,1
010203040505050506080808,1
010203040505050506090909,1
010203040505050606060707,1
010203040505060606060607,1
010203040505060606070708,1
010203040505060607070707,1
010203040505060607070809,1
010203040505060607080808,1
010203040505060607090909,1
010203040506060606060708,1
010203040506060606070707,1
010203040506060606070809,1
010203040506060606080808,1
010203040506060606090909,1
010203040506060607070808,1
010203040506060707070708,1
010203040506060707080809,1
010203040506060708080808,1
010203040506060708090909,1
010203040506070707070809,1
010203040506070707080808,1
010203040506070707090909,1
010203040506070708080909,1
010203040506070808080809,1
010203040506070809090909,1
010203040506080808090909,1
010203050505050506060707,1
010203050505050606060607,1
010203050505050606070708,1
010203050505050607070707,1
010203050505050607070809,1
010203050505050607080808,1
010203050505050607090909,1
010203050505060606060708,1
010203050505060606070707,1
010203050505060606070809,1
010203050505060606080808,1
010203050505060606090909,1
010203050505060607070808,1
010203050505060707070708,1
010203050505060707080809,1
010203050505060708080808,1
010203050505060708090909,1
010203050505070707070809,1
010203050505070707080808,1
010203050505070707090909,1
010203050505070708080909,1
010203050505070808080809,1
010203050505070809090909,1
010203050505080808090909,1
010203050506060606060707,1
010203050506060607070708,1
010203050506060707070707,1
010203050506060707070809,1
010203050506060707080808,1
010203050506060707090909,1
010203050606060606070708,1
010203050606060607070707,1
010203050606060607070809,1
010203050606060607080808,1
010203050606060607090909,1
010203050606060707070808,1
010203050606070707070708,1
010203050606070707080809,1
010203050606070708080808,1
010203050606070708090909,1
010203050607070707070809,1
010203050607070707080808,1
010203050607070707090909,1
010203050607070708080909,1
010203050607070808080809,1
010203050607070809090909,1
010203050607080808090909,1
010203060606060607070808,1
010203060606060707070708,1
010203060606060707080809,1
010203060606060708080808,1
010203060606060708090909,1
010203060606070707070809,1
010203060606070707080808,1
010203060606070707090909,1
010203060606070708080909,1
010203060606070808080809,1
010203060606070809090909,1
010203060606080808090909,1
010203060607070707070808,1
010203060607070708080809,1
010203060607070808080808,1
010203060607070808090909,1
010203060707070707080809,1
010203060707070708080808,1
010203060707070708090909,1
010203060707070808080909,1
010203060707080808080809,1
010203060707080809090909,1
010203060708080808090909,1
010203070707070708080909,1
010203070707070808080809,1
010203070707070809090909,1
010203070707080808090909,1
010203070708080808080909,1
010203070708080909090909,1
010203070808080809090909,1
020202020202030303040404,1
020202020203030303030404,1
020202020203030304040405,1
020202020203030404040404,1
020202020203030404040506,1
020202020203030404050505,1
020202020203030404050607,1
020202020203030404060606,1
020202020203030404060708,1
020202020203030404070707,1
020202020203030404070809,1
020202020203030404080808,1
020202020203030404090909,1
020202020303030303040405,1
020202020303030304040404,1
020202020303030304040506,1
020202020303030304050505,1
020202020303030304050607,1
020202020303030304060606,1
020202020303030304060708,1
020202020303030304070707,1
020202020303030304070809,1
020202020303030304080808,1
020202020303030304090909,1
020202020303030404040505,1
020202020303040404040405,1
020202020303040404050506,1
020202020303040405050505,1
020202020303040405050607,1
020202020303040405060606,1
020202020303040405060708,1
020202020303040405070707,1
020202020303040405070809,1
020202020303040405080808,1
020202020303040405090909,1
020202020304040404040506,1
020202020304040404050505,1
020202020304040404050607,1
020202020304040404060606,1
020202020304040404060708,1
020202020304040404070707,1
020202020304040404070809,1
020202020304040404080808,1
020202020304040404090909,1
020202020304040405050606,1
020202020304040505050506,1
020202020304040505060607,1
020202020304040506060606,1
020202020304040506060708,1
020202020304040506070707,1
020202020304040506070809,1
020202020304040506080808,1
020202020304040506090909,1
020202020304050505050607,1
020202020304050505060606,1
020202020304050505060708,1
020202020304050505070707,1
020202020304050505070809,1
020202020304050505080808,1
020202020304050505090909,1
020202020304050506060707,1
020202020304050606060607,1
020202020304050606070708,1
020202020304050607070707,1
020202020304050607070809,1
020202020304050607080808,1
020202020304050607090909,1
020202020304060606060708,1
020202020304060606070707,1
020202020304060606070809,1
020202020304060606080808,1
020202020304060606090909,1
020202020304060607070808,1
020202020304060707070708,1
020202020304060707080809,1
020202020304060708080808,1
020202020304060708090909,1
020202020304070707070809,1
020202020304070707080808,1
020202020304070707090909,1
020202020304070708080909,1
020202020304070808080809,1
020202020304070809090909,1
020202020304080808090909,1
020202030303030303040404,1
020202030303030304040505,1
020202030303030404040405,1
020202030303030404050506,1
020202030303030405050505,1
020202030303030405050607,1
020202030303030405060606,1
020202030303030405060708,1
020202030303030405070707,1
020202030303030405070809,1
020202030303030405080808,1
020202030303030405090909,1
020202030303040404040404,1
020202030303040404040506,1
020202030303040404050505,1
020202030303040404050607,1
020202030303040404060606,1
020202030303040404060708,1
020202030303040404070707,1
020202030303040404070809,1
020202030303040404080808,1
020202030303040404090909,1
020202030303040405050606,1
020202030303040505050506,1
020202030303040505060607,1
020202030303040506060606,1
020202030303040506060708,1
020202030303040506070707,1
020202030303040506070809,1
020202030303040506080808,1
020202030303040506090909,1
020202030303050505050607,1
020202030303050505060708,1
020202030303050505070809,1
020202030303050506060707,1
020202030303050606060607,1
020202030303050606070708,1
020202030303050607070707,1
020202030303050607070809,1
020202030303050607080808,1
020202030303050607090909,1
020202030303060606060708,1
020202030303060606070809,1
020202030303060607070808,1
020202030303060707070708,1
020202030303060707080809,1
020202030303060708080808,1
020202030303060708090909,1
020202030303070707070809,1
020202030303070708080909,1
020202030303070808080809,1
020202030303070809090909,1
020202030304040404040505,1
020202030304040405050506,1
020202030304040505050505,1
020202030304040505050607,1
020202030304040505060606,1
020202030304040505060708,1
020202030304040505070707,1
020202030304040505070809,1
020202030304040505080808,1
020202030304040505090909,1
020202030404040404050506,1
020202030404040405050505,1
020202030404040405050607,1
020202030404040405060606,1
020202030404040405060708,1
020202030404040405070707,1
020202030404040405070809,1
020202030404040405080808,1
020202030404040405090909,1
020202030404040505050606,1
020202030404050505050506,1
020202030404050505060607,1
020202030404050506060606,1
020202030404050506060708,1
020202030404050506070707,1
020202030404050506070809,1
020202030404050506080808,1
020202030404050506090909,1
020202030405050505050607,1
020202030405050505060606,1
020202030405050505060708,1
020202030405050505070707,1
020202030405050505070809,1
020202030405050505080808,1
020202030405050505090909,1
020202030405050506060707,1
020202030405050606060607,1
020202030405050606070708,1
020202030405050607070707,1
020202030405050607070809,1
020202030405050607080808,1
020202030405050607090909,1
020202030405060606060708,1
020202030405060606070707,1
020202030405060606070809,1
020202030405060606080808,1
020202030405060606090909,1
020202030405060607070808,1
020202030405060707070708,1
020202030405060707080809,1
020202030405060708080808,1
020202030405060708090909,1
020202030405070707070809,1
020202030405070707080808,1
020202030405070707090909,1
020202030405070708080909,1
020202030405070808080809,1
020202030405070809090909,1
020202030405080808090909,1
020202040404040405050606,1
020202040404040505050506,1
020202040404040505060607,1
020202040404040506060606,1
020202040404040506060708,1
020202040404040506070707,1
020202040404040506070809,1
020202040404040506080808,1
020202040404040506090909,1
020202040404050505050607,1
020202040404050505060606,1
020202040404050505060708,1
020202040404050505070809,1
020202040404050506060707,1
020202040404050606060607,1
020202040404050606070708,1
020202040404050607070707,1
020202040404050607070809,1
020202040404050607080808,1
020202040404050607090909,1
020202040404060606060708,1
020202040404060606070809,1
020202040404060607070808,1
020202040404060707070708,1
020202040404060707080809,1
020202040404060708080808,1
020202040404060708090909,1
020202040404070707070809,1
020202040404070708080909,1
020202040404070808080809,1
020202040404070809090909,1
020202040405050505050606,1
020202040405050506060607,1
020202040405050606060606,1
020202040405050606060708,1
020202040405050606070707,1
020202040405050606070809,1
020202040405050606080808,1
020202040405050606090909,1
020202040505050505060607,1
020202040505050506060606,1
020202040505050506060708,1
020202040505050506070707,1
020202040505050506070809,1
020202040505050506080808,1
020202040505050506090909,1
020202040505050606060707,1
020202040505060606060607,1
020202040505060606070708,1
020202040505060607070707,1
020202040505060607070809,1
020202040505060607080808,1
020202040505060607090909,1
020202040506060606060708,1
020202040506060606070707,1
020202040506060606070809,1
020202040506060606080808,1
020202040506060606090909,1
020202040506060607070808,1
020202040506060707070708,1
020202040506060707080809,1
020202040506060708080808,1
020202040506060708090909,1
020202040506070707070809,1
020202040506070707080808,1
020202040506070707090909,1
020202040506070708080909,1
020202040506070808080809,1
020202040506070809090909,1
020202040506080808090909,1
020202050505050506060707,1
020202050505050606060607,1
020202050505050606070708,1
020202050505050607070707,1
020202050505050607070809,1
020202050505050607080808,1
020202050505050607090909,1
020202050505060606060708,1
020202050505060606070707,1
020202050505060606070809,1
020202050505060607070808,1
020202050505060707070708,1
020202050505060707080809,1
020202050505060708080808,1
020202050505060708090909,1
020202050505070707070809,1
020202050505070708080909,1
020202050505070808080809,1
020202050505070809090909,1
020202050506060606060707,1
020202050506060607070708,1
020202050506060707070707,1
020202050506060707070809,1
020202050506060707080808,1
020202050506060707090909,1
020202050606060606070708,1
020202050606060607070707,1
020202050606060607070809,1
020202050606060607080808,1
020202050606060607090909,1
020202050606060707070808,1
020202050606070707070708,1
020202050606070707080809,1
020202050606070708080808,1
020202050606070708090909,1
020202050607070707070809,1
020202050607070707080808,1
020202050607070707090909,1
020202050607070708080909,1
020202050607070808080809,1
020202050607070809090909,1
020202050607080808090909,1
020202060606060607070808,1
020202060606060707070708,1
020202060606060707080809,1
020202060606060708080808,1
020202060606060708090909,1
020202060606070707070809,1
020202060606070707080808,1
020202060606070708080909,1
020202060606070808080809,1
020202060606070809090909,1
020202060607070707070808,1
020202060607070708080809,1
020202060607070808080808,1
020202060607070808090909,1
020202060707070707080809,1
020202060707070708080808,1
020202060707070708090909,1
020202060707070808080909,1
020202060707080808080809,1
020202060707080809090909,1
020202060708080808090909,1
020202070707070708080909,1
020202070707070808080809,1
020202070707070809090909,1
020202070707080808090909,1
020202070708080808080909,1
020202070708080909090909,1
020202070808080809090909,1
020203030303030304040405,1
020203030303030404040404,1
020203030303030404040506,1
020203030303030404050505,1
020203030303030404050607,1
020203030303030404060606,1
020203030303030404060708,1
020203030303030404070707,1
020203030303030404070809,1
020203030303030404080808,1
020203030303030404090909,1
020203030303040404040505,1
020203030304040404040405,1
020203030304040404050506,1
020203030304040405050505,1
020203030304040405050607,1
020203030304040405060606,1
020203030304040405060708,1
020203030304040405070707,1
020203030304040405070809,1
020203030304040405080808,1
020203030304040405090909,1
020203030404040404040506,1
020203030404040404050505,1
020203030404040404050607,1
020203030404040404060606,1
020203030404040404060708,1
020203030404040404070707,1
020203030404040404070809,1
020203030404040404080808,1
020203030404040404090909,1
020203030404040405050606,1
020203030404040505050506,1
020203030404040505060607,1
020203030404040506060606,1
020203030404040506060708,1
020203030404040506070707,1
020203030404040506070809,1
020203030404040506080808,1
020203030404040506090909,1
020203030404050505050607,1
020203030404050505060606,1
020203030404050505060708,1
020203030404050505070707,1
020203030404050505070809,1
020203030404050505080808,1
020203030404050505090909,1
020203030404050506060707,1
020203030404050606060607,1
020203030404050606070708,1
020203030404050607070707,1
020203030404050607070809,1
020203030404050607080808,1
020203030404050607090909,1
020203030404060606060708,1
020203030404060606070707,1
020203030404060606070809,1
020203030404060606080808,1
020203030404060606090909,1
020203030404060607070808,1
020203030404060707070708,1
020203030404060707080809,1
020203030404060708080808,1
020203030404060708090909,1
020203030404070707070809,1
020203030404070707080808,1
020203030404070707090909,1
020203030404070708080909,1
020203030404070808080809,1
020203030404070809090909,1
020203030404080808090909,1
020303030303030404040505,1
020303030303040404040405,1
020303030303040404050506,1
020303030303040405050505,1
020303030303040405050607,1
020303030303040405060606,1
020303030303040405060708,1
020303030303040405070707,1
020303030303040405070809,1
020303030303040405080808,1
020303030303040405090909,1
020303030304040404040506,1
020303030304040404050505,1
020303030304040404050607,1
020303030304040404060606,1
020303030304040404060708,1
020303030304040404070707,1
020303030304040404070809,1
020303030304040404080808,1
020303030304040404090909,1
020303030304040405050606,1
020303030304040505050506,1
020303030304040505060607,1
020303030304040506060606,1
020303030304040506060708,1
020303030304040506070707,1
020303030304040506070809,1
020303030304040506080808,1
020303030304040506090909,1
020303030304050505050607,1
020303030304050505060606,1
020303030304050505060708,1
020303030304050505070707,1
020303030304050505070809,1
020303030304050505080808,1
020303030304050505090909,1
020303030304050506060707,1
020303030304050606060607,1
020303030304050606070708,1
020303030304050607070707,1
020303030304050607070809,1
020303030304050607080808,1
020303030304050607090909,1
020303030304060606060708,1
020303030304060606070707,1
020303030304060606070809,1
020303030304060606080808,1
020303030304060606090909,1
020303030304060607070808,1
020303030304060707070708,1
020303030304060707080809,1
020303030304060708080808,1
020303030304060708090909,1
020303030304070707070809,1
020303030304070707080808,1
020303030304070707090909,1
020303030304070708080909,1
020303030304070808080809,1
020303030304070809090909,1
020303030304080808090909,1
020303030404040404040505,1
020303030404040405050506,1
020303030404040505050505,1
020303030404040505050607,1
020303030404040505060606,1
020303030404040505060708,1
020303030404040505070707,1
020303030404040505070809,1
020303030404040505080808,1
020303030404040505090909,1
020303040404040404050506,1
020303040404040405050505,1
020303040404040405050607,1
020303040404040405060606,1
020303040404040405060708,1
020303040404040405070707,1
020303040404040405070809,1
020303040404040405080808,1
020303040404040405090909,1
020303040404040505050606,1
020303040404050505050506,1
020303040404050505060607,1
020303040404050506060606,1
020303040404050506060708,1
020303040404050506070707,1
020303040404050506070809,1
020303040404050506080808,1
020303040404050506090909,1
020303040405050505050607,1
020303040405050505060606,1
020303040405050505060708,1
020303040405050505070707,1
020303040405050505070809,1
020303040405050505080808,1
020303040405050505090909,1
020303040405050506060707,1
020303040405050606060607,1
020303040405050606070708,1
020303040405050607070707,1
020303040405050607070809,1
020303040405050607080808,1
020303040405050607090909,1
020303040405060606060708,1
020303040405060606070707,1
020303040405060606070809,1
020303040405060606080808,1
020303040405060606090909,1
020303040405060607070808,1
020303040405060707070708,1
020303040405060707080809,1
020303040405060708080808,1
020303040405060708090909,1
020303040405070707070809,1
020303040405070707080808,1
020303040405070707090909,1
020303040405070708080909,1
020303040405070808080809,1
020303040405070809090909,1
020303040405080808090909,1
020304040404040405050606,1
020304040404040505050506,1
020304040404040505060607,1
020304040404040506060606,1
020304040404040506060708,1
020304040404040506070707,1
020304040404040506070809,1
020304040404040506080808,1
020304040404040506090909,1
020304040404050505050607,1
020304040404050505060606,1
020304040404050505060708,1
020304040404050505070707,1
020304040404050505070809,1
020304040404050505080808,1
020304040404050505090909,1
020304040404050506060707,1
020304040404050606060607,1
020304040404050606070708,1
020304040404050607070707,1
020304040404050607070809,1
020304040404050607080808,1
020304040404050607090909,1
020304040404060606060708,1
020304040404060606070707,1
020304040404060606070809,1
020304040404060606080808,1
020304040404060606090909,1
020304040404060607070808,1
020304040404060707070708,1
020304040404060707080809,1
020304040404060708080808,1
020304040404060708090909,1
020304040404070707070809,1
020304040404070707080808,1
020304040404070707090909,1
020304040404070708080909,1
020304040404070808080809,1
020304040404070809090909,1
020304040404080808090909,1
020304040405050505050606,1
020304040405050506060607,1
020304040405050606060606,1
020304040405050606060708,1
020304040405050606070707,1
020304040405050606070809,1
020304040405050606080808,1
020304040405050606090909,1
020304040505050505060607,1
020304040505050506060606,1
020304040505050506060708,1
020304040505050506070707,1
020304040505050506070809,1
020304040505050506080808,1
020304040505050506090909,1
020304040505050606060707,1
020304040505060606060607,1
020304040505060606070708,1
020304040505060607070707,1
020304040505060607070809,1
020304040505060607080808,1
020304040505060607090909,1
020304040506060606060708,1
020304040506060606070707,1
020304040506060606070809,1
020304040506060606080808,1
020304040506060606090909,1
020304040506060607070808,1
020304040506060707070708,1
020304040506060707080809,1
020304040506060708080808,1
020304040506060708090909,1
020304040506070707070809,1
020304040506070707080808,1
020304040506070707090909,1
020304040506070708080909,1
020304040506070808080809,1
020304040506070809090909,1
020304040506080808090909,1
020304050505050506060707,1
020304050505050606060607,1
020304050505050606070708,1
020304050505050607070707,1
020304050505050607070809,1
020304050505050607080808,1
020304050505050607090909,1
020304050505060606060708,1
020304050505060606070707,1
020304050505060606070809,1
020304050505060606080808,1
020304050505060606090909,1
020304050505060607070808,1
020304050505060707070708,1
020304050505060707080809,1
020304050505060708080808,1
020304050505060708090909,1
020304050505070707070809,1
020304050505070707080808,1
020304050505070707090909,1
020304050505070708080909,1
020304050505070808080809,1
020304050505070809090909,1
020304050505080808090909,1
020304050506060606060707,1
020304050506060607070708,1
020304050506060707070707,1
020304050506060707070809,1
020304050506060707080808,1
020304050506060707090909,1
020304050606060606070708,1
020304050606060607070707,1
020304050606060607070809,1
020304050606060607080808,1
020304050606060607090909,1
020304050606060707070808,1
020304050606070707070708,1
020304050606070707080809,1
020304050606070708080808,1
020304050606070708090909,1
020304050607070707070809,1
020304050607070707080808,1
020304050607070707090909,1
020304050607070708080909,1
020304050607070808080809,1
020304050607070809090909,1
020304050607080808090909,1
020304060606060607070808,1
020304060606060707070708,1
020304060606060707080809,1
020304060606060708080808,1
020304060606060708090909,1
020304060606070707070809,1
020304060606070707080808,1
020304060606070707090909,1
020304060606070708080909,1
020304060606070808080809,1
020304060606070809090909,1
020304060606080808090909,1
020304060607070707070808,1
020304060607070708080809,1
020304060607070808080808,1
020304060607070808090909,1
020304060707070707080809,1
020304060707070708080808,1
020304060707070708090909,1
020304060707070808080909,1
020304060707080808080809,1
020304060707080809090909,1
020304060708080808090909,1
020304070707070708080909,1
020304070707070808080809,1
020304070707070809090909,1
020304070707080808090909,1
020304070708080808080909,1
020304070708080909090909,1
020304070808080809090909,1
030303030303040404050505,1
030303030304040404040505,1
030303030304040405050506,1
030303030304040505050505,1
030303030304040505050607,1
030303030304040505060606,1
030303030304040505060708,1
030303030304040505070707,1
030303030304040505070809,1
030303030304040505080808,1
030303030304040505090909,1
030303030404040404050506,1
030303030404040405050505,1
030303030404040405050607,1
030303030404040405060606,1
030303030404040405060708,1
030303030404040405070707,1
030303030404040405070809,1
030303030404040405080808,1
030303030404040405090909,1
030303030404040505050606,1
030303030404050505050506,1
030303030404050505060607,1
030303030404050506060606,1
030303030404050506060708,1
030303030404050506070707,1
030303030404050506070809,1
030303030404050506080808,1
030303030404050506090909,1
030303030405050505050607,1
030303030405050505060606,1
030303030405050505060708,1
030303030405050505070707,1
030303030405050505070809,1
030303030405050505080808,1
030303030405050505090909,1
030303030405050506060707,1
030303030405050606060607,1
030303030405050606070708,1
030303030405050607070707,1
030303030405050607070809,1
030303030405050607080808,1
030303030405050607090909,1
030303030405060606060708,1
030303030405060606070707,1
030303030405060606070809,1
030303030405060606080808,1
030303030405060606090909,1
030303030405060607070808,1
030303030405060707070708,1
030303030405060707080809,1
030303030405060708080808,1
030303030405060708090909,1
030303030405070707070809,1
030303030405070707080808,1
030303030405070707090909,1
030303030405070708080909,1
030303030405070808080809,1
030303030405070809090909,1
030303030405080808090909,1
030303040404040404050505,1
030303040404040405050606,1
030303040404040505050506,1
030303040404040505060607,1
030303040404040506060606,1
030303040404040506060708,1
030303040404040506070707,1
030303040404040506070809,1
030303040404040506080808,1
030303040404040506090909,1
030303040404050505050505,1
030303040404050505050607,1
030303040404050505060606,1
030303040404050505060708,1
030303040404050505070707,1
030303040404050505070809,1
030303040404050505080808,1
030303040404050505090909,1
030303040404050506060707,1
030303040404050606060607,1
030303040404050606070708,1
030303040404050607070707,1
030303040404050607070809,1
030303040404050607080808,1
030303040404050607090909,1
030303040404060606060708,1
030303040404060606070809,1
030303040404060607070808,1
030303040404060707070708,1
030303040404060707080809,1
030303040404060708080808,1
030303040404060708090909,1
030303040404070707070809,1
030303040404070708080909,1
030303040404070808080809,1
030303040404070809090909,1
030303040405050505050606,1
030303040405050506060607,1
030303040405050606060606,1
030303040405050606060708,1
030303040405050606070707,1
030303040405050606070809,1
030303040405050606080808,1
030303040405050606090909,1
030303040505050505060607,1
030303040505050506060606,1
030303040505050506060708,1
030303040505050506070707,1
030303040505050506070809,1
030303040505050506080808,1
030303040505050506090909,1
030303040505050606060707,1
030303040505060606060607,1
030303040505060606070708,1
030303040505060607070707,1
030303040505060607070809,1
030303040505060607080808,1
030303040505060607090909,1
030303040506060606060708,1
030303040506060606070707,1
030303040506060606070809,1
030303040506060606080808,1
030303040506060606090909,1
030303040506060607070808,1
030303040506060707070708,1
030303040506060707080809,1
030303040506060708080808,1
030303040506060708090909,1
030303040506070707070809,1
030303040506070707080808,1
030303040506070707090909,1
030303040506070708080909,1
030303040506070808080809,1
030303040506070809090909,1
030303040506080808090909,1
030303050505050506060707,1
030303050505050606060607,1
030303050505050606070708,1
030303050505050607070707,1
030303050505050607070809,1
030303050505050607080808,1
030303050505050607090909,1
030303050505060606060708,1
030303050505060606070707,1
030303050505060606070809,1
030303050505060607070808,1
030303050505060707070708,1
030303050505060707080809,1
030303050505060708080808,1
030303050505060708090909,1
030303050505070707070809,1
030303050505070708080909,1
030303050505070808080809,1
030303050505070809090909,1
030303050506060606060707,1
030303050506060607070708,1
030303050506060707070707,1
030303050506060707070809,1
030303050506060707080808,1
030303050506060707090909,1
030303050606060606070708,1
030303050606060607070707,1
030303050606060607070809,1
030303050606060607080808,1
030303050606060607090909,1
030303050606060707070808,1
030303050606070707070708,1
030303050606070707080809,1
030303050606070708080808,1
030303050606070708090909,1
030303050607070707070809,1
030303050607070707080808,1
030303050607070707090909,1
030303050607070708080909,1
030303050607070808080809,1
030303050607070809090909,1
030303050607080808090909,1
030303060606060607070808,1
030303060606060707070708,1
030303060606060707080809,1
030303060606060708080808,1
030303060606060708090909,1
030303060606070707070809,1
030303060606070707080808,1
030303060606070708080909,1
030303060606070808080809,1
030303060606070809090909,1
030303060607070707070808,1
030303060607070708080809,1
030303060607070808080808,1
030303060607070808090909,1
030303060707070707080809,1
030303060707070708080808,1
030303060707070708090909,1
030303060707070808080909,1
030303060707080808080809,1
030303060707080809090909,1
030303060708080808090909,1
030303070707070708080909,1
030303070707070808080809,1
030303070707070809090909,1
030303070707080808090909,1
030303070708080808080909,1
030303070708080909090909,1
030303070808080809090909,1
030304040404040405050506,1
030304040404040505050505,1
030304040404040505050607,1
030304040404040505060606,1
030304040404040505060708,1
030304040404040505070707,1
030304040404040505070809,1
030304040404040505080808,1
030304040404040505090909,1
030304040404050505050606,1
030304040405050505050506,1
030304040405050505060607,1
030304040405050506060606,1
030304040405050506060708,1
030304040405050506070707,1
030304040405050506070809,1
030304040405050506080808,1
030304040405050506090909,1
030304040505050505050607,1
030304040505050505060606,1
030304040505050505060708,1
030304040505050505070707,1
030304040505050505070809,1
030304040505050505080808,1
030304040505050505090909,1
030304040505050506060707,1
030304040505050606060607,1
030304040505050606070708,1
030304040505050607070707,1
030304040505050607070809,1
030304040505050607080808,1
030304040505050607090909,1
030304040505060606060708,1
030304040505060606070707,1
030304040505060606070809,1
030304040505060606080808,1
030304040505060606090909,1
030304040505060607070808,1
030304040505060707070708,1
030304040505060707080809,1
030304040505060708080808,1
030304040505060708090909,1
030304040505070707070809,1
030304040505070707080808,1
030304040505070707090909,1
030304040505070708080909,1
030304040505070808080809,1
030304040505070809090909,1
030304040505080808090909,1
030404040404040505050606,1
030404040404050505050506,1
030404040404050505060607,1
030404040404050506060606,1
030404040404050506060708,1
030404040404050506070707,1
030404040404050506070809,1
030404040404050506080808,1
030404040404050506090909,1
030404040405050505050607,1
030404040405050505060606,1
030404040405050505060708,1
030404040405050505070707,1
030404040405050505070809,1
030404040405050505080808,1
030404040405050505090909,1
030404040405050506060707,1
030404040405050606060607,1
030404040405050606070708,1
030404040405050607070707,1
030404040405050607070809,1
030404040405050607080808,1
030404040405050607090909,1
030404040405060606060708,1
030404040405060606070707,1
030404040405060606070809,1
030404040405060606080808,1
030404040405060606090909,1
030404040405060607070808,1
030404040405060707070708,1
030404040405060707080809,1
030404040405060708080808,1
030404040405060708090909,1
030404040405070707070809,1
030404040405070707080808,1
030404040405070707090909,1
030404040405070708080909,1
030404040405070808080809,1
030404040405070809090909,1
030404040405080808090909,1
030404040505050505050606,1
030404040505050506060607,1
030404040505050606060606,1
030404040505050606060708,1
030404040505050606070707,1
030404040505050606070809,1
030404040505050606080808,1
030404040505050606090909,1
030404050505050505060607,1
030404050505050506060606,1
030404050505050506060708,1
030404050505050506070707,1
030404050505050506070809,1
030404050505050506080808,1
030404050505050506090909,1
030404050505050606060707,1
030404050505060606060607,1
030404050505060606070708,1
030404050505060607070707,1
030404050505060607070809,1
030404050505060607080808,1
030404050505060607090909,1
030404050506060606060708,1
030404050506060606070707,1
030404050506060606070809,1
030404050506060606080808,1
030404050506060606090909,1
030404050506060607070808,1
030404050506060707070708,1
030404050506060707080809,1
030404050506060708080808,1
030404050506060708090909,1
030404050506070707070809,1
030404050506070707080808,1
030404050506070707090909,1
030404050506070708080909,1
030404050506070808080809,1
030404050506070809090909,1
030404050506080808090909,1
030405050505050506060707,1
030405050505050606060607,1
030405050505050606070708,1
030405050505050607070707,1
030405050505050607070809,1
030405050505050607080808,1
030405050505050607090909,1
030405050505060606060708,1
030405050505060606070707,1
030405050505060606070809,1
030405050505060606080808,1
030405050505060606090909,1
030405050505060607070808,1
030405050505060707070708,1
030405050505060707080809,1
030405050505060708080808,1
030405050505060708090909,1
030405050505070707070809,1
030405050505070707080808,1
030405050505070707090909,1
030405050505070708080909,1
030405050505070808080809,1
030405050505070809090909,1
030405050505080808090909,1
030405050506060606060707,1
030405050506060607070708,1
030405050506060707070707,1
030405050506060707070809,1
030405050506060707080808,1
030405050506060707090909,1
030405050606060606070708,1
030405050606060607070707,1
030405050606060607070809,1
030405050606060607080808,1
030405050606060607090909,1
030405050606060707070808,1
030405050606070707070708,1
030405050606070707080809,1
030405050606070708080808,1
030405050606070708090909,1
030405050607070707070809,1
030405050607070707080808,1
030405050607070707090909,1
030405050607070708080909,1
030405050607070808080809,1
030405050607070809090909,1
030405050607080808090909,1
030405060606060607070808,1
030405060606060707070708,1
030405060606060707080809,1
030405060606060708080808,1
030405060606060708090909,1
030405060606070707070809,1
030405060606070707080808,1
030405060606070707090909,1
030405060606070708080909,1
030405060606070808080809,1
030405060606070809090909,1
030405060606080808090909,1
030405060607070707070808,1
030405060607070708080809,1
030405060607070808080808,1
030405060607070808090909,1
030405060707070707080809,1
030405060707070708080808,1
030405060707070708090909,1
030405060707070808080909,1
030405060707080808080809,1
030405060707080809090909,1
030405060708080808090909,1
030405070707070708080909,1
030405070707070808080809,1
030405070707070809090909,1
030405070707080808090909,1
030405070708080808080909,1
030405070708080909090909,1
030405070808080809090909,1
040404040404050505060606,1
040404040405050505050606,1
040404040405050506060607,1
040404040405050606060606,1
040404040405050606060708,1
040404040405050606070707,1
040404040405050606070809,1
040404040405050606080808,1
040404040405050606090909,1
040404040505050505060607,1
040404040505050506060606,1
040404040505050506060708,1
040404040505050506070707,1
040404040505050506070809,1
040404040505050506080808,1
040404040505050506090909,1
040404040505050606060707,1
040404040505060606060607,1
040404040505060606070708,1
040404040505060607070707,1
040404040505060607070809,1
040404040505060607080808,1
040404040505060607090909,1
040404040506060606060708,1
040404040506060606070707,1
040404040506060606070809,1
040404040506060606080808,1
040404040506060606090909,1
040404040506060607070808,1
040404040506060707070708,1
040404040506060707080809,1
040404040506060708080808,1
040404040506060708090909,1
040404040506070707070809,1
040404040506070707080808,1
040404040506070707090909,1
040404040506070708080909,1
040404040506070808080809,1
040404040506070809090909,1
040404040506080808090909,1
040404050505050505060606,1
040404050505050506060707,1
040404050505050606060607,1
040404050505050606070708,1
040404050505050607070707,1
040404050505050607070809,1
040404050505050607080808,1
040404050505050607090909,1
040404050505060606060606,1
040404050505060606060708,1
040404050505060606070707,1
040404050505060606070809,1
040404050505060606080808,1
040404050505060606090909,1
040404050505060607070808,1
040404050505060707070708,1
040404050505060707080809,1
040404050505060708080808,1
040404050505060708090909,1
040404050505070707070809,1
040404050505070708080909,1
040404050505070808080809,1
040404050505070809090909,1
040404050506060606060707,1
040404050506060607070708,1
040404050506060707070707,1
040404050506060707070809,1
040404050506060707080808,1
040404050506060707090909,1
040404050606060606070708,1
040404050606060607070707,1
040404050606060607070809,1
040404050606060607080808,1
040404050606060607090909,1
040404050606060707070808,1
040404050606070707070708,1
040404050606070707080809,1
040404050606070708080808,1
040404050606070708090909,1
040404050607070707070809,1
040404050607070707080808,1
040404050607070707090909,1
040404050607070708080909,1
040404050607070808080809,1
040404050607070809090909,1
040404050607080808090909,1
040404060606060607070808,1
040404060606060707070708,1
040404060606060707080809,1
040404060606060708080808,1
040404060606060708090909,1
040404060606070707070809,1
040404060606070707080808,1
040404060606070708080909,1
040404060606070808080809,1
040404060606070809090909,1
040404060607070707070808,1
040404060607070708080809,1
040404060607070808080808,1
040404060607070808090909,1
040404060707070707080809,1
040404060707070708080808,1
040404060707070708090909,1
040404060707070808080909,1
040404060707080808080809,1
040404060707080809090909,1
040404060708080808090909,1
040404070707070708080909,1
040404070707070808080809,1
040404070707070809090909,1
040404070707080808090909,1
040404070708080808080909,1
040404070708080909090909,1
040404070808080809090909,1
040405050505050506060607,1
040405050505050606060606,1
040405050505050606060708,1
040405050505050606070707,1
040405050505050606070809,1
040405050505050606080808,1
040405050505050606090909,1
040405050505060606060707,1
040405050506060606060607,1
040405050506060606070708,1
040405050506060607070707,1
040405050506060607070809,1
040405050506060607080808,1
040405050506060607090909,1
040405050606060606060708,1
040405050606060606070707,1
040405050606060606070809,1
040405050606060606080808,1
040405050606060606090909,1
040405050606060607070808,1
040405050606060707070708,1
040405050606060707080809,1
040405050606060708080808,1
040405050606060708090909,1
040405050606070707070809,1
040405050606070707080808,1
040405050606070707090909,1
040405050606070708080909,1
040405050606070808080809,1
040405050606070809090909,1
040405050606080808090909,1
040505050505050606060707,1
040505050505060606060607,1
040505050505060606070708,1
040505050505060607070707,1
040505050505060607070809,1
040505050505060607080808,1
040505050505060607090909,1
040505050506060606060708,1
040505050506060606070707,1
040505050506060606070809,1
040505050506060606080808,1
040505050506060606090909,1
040505050506060607070808,1
040505050506060707070708,1
040505050506060707080809,1
040505050506060708080808,1
040505050506060708090909,1
040505050506070707070809,1
040505050506070707080808,1
040505050506070707090909,1
040505050506070708080909,1
040505050506070808080809,1
040505050506070809090909,1
040505050506080808090909,1
040505050606060606060707,1
040505050606060607070708,1
040505050606060707070707,1
040505050606060707070809,1
040505050606060707080808,1
040505050606060707090909,1
040505060606060606070708,1
040505060606060607070707,1
040505060606060607070809,1
040505060606060607080808,1
040505060606060607090909,1
040505060606060707070808,1
040505060606070707070708,1
040505060606070707080809,1
040505060606070708080808,1
040505060606070708090909,1
040505060607070707070809,1
040505060607070707080808,1
040505060607070707090909,1
040505060607070708080909,1
040505060607070808080809,1
040505060607070809090909,1
040505060607080808090909,1
040506060606060607070808,1
040506060606060707070708,1
040506060606060707080809,1
040506060606060708080808,1
040506060606060708090909,1
040506060606070707070809,1
040506060606070707080808,1
040506060606070707090909,1
040506060606070708080909,1
040506060606070808080809,1
040506060606070809090909,1
040506060606080808090909,1
040506060607070707070808,1
040506060607070708080809,1
040506060607070808080808,1
040506060607070808090909,1
040506060707070707080809,1
040506060707070708080808,1
040506060707070708090909,1
040506060707070808080909,1
040506060707080808080809,1
040506060707080809090909,1
040506060708080808090909,1
040506070707070708080909,1
040506070707070808080809,1
040506070707070809090909,1
040506070707080808090909,1
040506070708080808080909,1
040506070708080909090909,1
040506070808080809090909,1
050505050505060606070707,1
050505050506060606060707,1
050505050506060607070708,1
050505050506060707070707,1
050505050506060707070809,1
050505050506060707080808,1
050505050506060707090909,1
050505050606060606070708,1
050505050606060607070707,1
050505050606060607070809,1
050505050606060607080808,1
050505050606060607090909,1
050505050606060707070808,1
050505050606070707070708,1
050505050606070707080809,1
050505050606070708080808,1
050505050606070708090909,1
050505050607070707070809,1
050505050607070707080808,1
050505050607070707090909,1
050505050607070708080909,1
050505050607070808080809,1
050505050607070809090909,1
050505050607080808090909,1
050505060606060606070707,1
050505060606060607070808,1
050505060606060707070708,1
050505060606060707080809,1
050505060606060708080808,1
050505060606060708090909,1
050505060606070707070707,1
050505060606070707070809,1
050505060606070707080808,1
050505060606070707090909,1
050505060606070708080909,1
050505060606070808080809,1
050505060606070809090909,1
050505060607070707070808,1
050505060607070708080809,1
050505060607070808080808,1
050505060607070808090909,1
050505060707070707080809,1
050505060707070708080808,1
050505060707070708090909,1
050505060707070808080909,1
050505060707080808080809,1
050505060707080809090909,1
050505060708080808090909,1
050505070707070708080909,1
050505070707070808080809,1
050505070707070809090909,1
050505070707080808090909,1
050505070708080808080909,1
050505070708080909090909,1
050505070808080809090909,1
050506060606060607070708,1
050506060606060707070707,1
050506060606060707070809,1
050506060606060707080808,1
050506060606060707090909,1
050506060606070707070808,1
050506060607070707070708,1
050506060607070707080809,1
050506060607070708080808,1
050506060607070708090909,1
050506060707070707070809,1
050506060707070707080808,1
050506060707070707090909,1
050506060707070708080909,1
050506060707070808080809,1
050506060707070809090909,1
050506060707080808090909,1
050606060606060707070808,1
050606060606070707070708,1
050606060606070707080809,1
050606060606070708080808,1
050606060606070708090909,1
050606060607070707070809,1
050606060607070707080808,1
050606060607070707090909,1
050606060607070708080909,1
050606060607070808080809,1
050606060607070809090909,1
050606060607080808090909,1
050606060707070707070808,1
050606060707070708080809,1
050606060707070808080808,1
050606060707070808090909,1
050606070707070707080809,1
050606070707070708080808,1
050606070707070708090909,1
050606070707070808080909,1
050606070707080808080809,1
050606070707080809090909,1
050606070708080808090909,1
050607070707070708080909,1
050607070707070808080809,1
050607070707070809090909,1
050607070707080808090909,1
050607070708080808080909,1
050607070708080909090909,1
050607070808080809090909,1
060606060606070707080808,1
060606060607070707070808,1
060606060607070708080809,1
060606060607070808080808,1
060606060607070808090909,1
060606060707070707080809,1
060606060707070708080808,1
060606060707070708090909,1
060606060707070808080909,1
060606060707080808080809,1
060606060707080809090909,1
060606060708080808090909,1
060606070707070707080808,1
060606070707070708080909,1
060606070707070808080809,1
060606070707070809090909,1
060606070707080808080808,1
060606070707080808090909,1
060606070708080808080909,1
060606070708080909090909,1
060606070808080809090909,1
060607070707070708080809,1
060607070707070808080808,1
060607070707070808090909,1
060607070707080808080909,1
060607070708080808080809,1
060607070708080809090909,1
060607070808080808090909,1
060707070707070808080909,1
060707070707080808080809,1
060707070707080809090909,1
060707070708080808090909,1
060707070808080808080909,1
060707070808080909090909,1
060707080808080809090909,1
070707070707080808090909,1
070707070708080808080909,1
070707070708080909090909,1
070707070808080809090909,1
070707080808080808090909,1
070707080808090909090909,1
070708080808080909090909,1
