id,name
0,100000
1,100001
2,100002
3,100003
4,100004
5,100005
6,100006
7,100007
8,100008
9,100009
10,100010
11,100011
12,100012
13,100013
14,100014
15,100015
16,100016
17,100017
18,100018
19,100019
20,100020
21,100021
22,100022
23,100023
24,100024
25,100025
26,100026
27,100027
28,100028
29,100029
30,100030
31,100031
32,100032
33,100033
34,100034
35,100035
36,100036
37,100037
38,100038
39,100039
40,100040
41,100041
42,100042
43,100043
44,100044
45,100045
46,100046
47,100047
48,100048
49,100049
50,100050
51,100051
52,100052
53,100053
54,100054
55,100055
56,100056
57,100057
58,100058
59,100059
60,100060
61,100061
62,100062
63,100063
64,100064
65,100065
66,100066
67,100067
68,100068
69,100069
70,100070
71,100071
72,100072
73,100073
74,100074
75,100075
76,100076
77,100077
78,100078
79,100079
80,100080
81,100081
82,100082
83,100083
84,100084
85,100085
86,100086
87,100087
88,100088
89,100089
90,100090
91,100091
92,100092
93,100093
94,100094
95,100095
96,100096
97,100097
98,100098
99,100099
100,100100
101,100101
102,100102
103,100103
104,100104
105,100105
106,100106
107,100107
108,100108
109,100109
110,100110
111,100111
112,100112
113,100113
114,100114
115,100115
116,100116
117,100117
118,100118
119,100119
120,100120
121,100121
122,100122
123,100123
124,100124
125,100125
126,100126
127,100127
128,100128
129,100129
130,100130
131,100131
132,100132
133,100133
134,100134
135,100135
136,100136
137,100137
138,100138
139,100139
140,100140
141,100141
142,100142
143,100143
144,100144
145,100145
146,100146
147,100147
148,100148
149,100149
150,100150
151,100151
152,100152
153,100153
154,100154
155,100155
156,100156
157,100157
158,100158
159,100159
160,100160
161,100161
162,100162
163,100163
164,100164
165,100165
166,100166
167,100167
168,100168
169,100169
170,100170
171,100171
172,100172
173,100173
174,100174
175,100175
176,100176
177,100177
178,100178
179,100179
180,100180
181,100181
182,100182
183,100183
184,100184
185,100185
186,100186
187,100187
188,100188
189,100189
190,100190
191,100191
192,100192
193,100193
194,100194
195,100195
196,100196
197,100197
198,100198
199,100199
200,100200
201,100201
202,100202
203,100203
204,100204
205,100205
206,100206
207,100207
208,100208
209,100209
210,100210
211,100211
212,100212
213,100213
214,100214
215,100215
216,100216
217,100217
218,100218
219,100219
220,100220
221,100221
222,100222
223,100223
224,100224
225,100225
226,100226
227,100227
228,100228
229,100229
230,100230
231,100231
232,100232
233,100233
234,100234
235,100235
236,100236
237,100237
238,100238
239,100239
240,100240
241,100241
242,100242
243,100243
244,100244
245,100245
246,100246
247,100247
248,100248
249,100249
250,100250
251,100251
252,100252
253,100253
254,100254
255,100255
256,100256
257,100257
258,100258
259,100259
260,100260
261,100261
262,100262
263,100263
264,100264
265,100265
266,100266
267,100267
268,100268
269,100269
270,100270
271,100271
272,100272
273,100273
274,100274
275,100275
276,100276
277,100277
278,100278
279,100279
280,100280
281,100281
282,100282
283,100283
284,100284
285,100285
286,100286
287,100287
288,100288
289,100289
290,100290
291,100291
292,100292
293,100293
294,100294
295,100295
296,100296
297,100297
298,100298
299,100299
300,100300
301,100301
302,100302
303,100303
304,100304
305,100305
306,100306
307,100307
308,100308
309,100309
310,100310
311,100311
312,100312
313,100313
314,100314
315,100315
316,100316
317,100317
318,100318
319,100319
320,100320
321,100321
322,100322
323,100323
324,100324
325,100325
326,100326
327,100327
328,100328
329,100329
330,100330
331,100331
332,100332
333,100333
334,100334
335,100335
336,100336
337,100337
338,100338
339,100339
340,100340
341,100341
342,100342
343,100343
344,100344
345,100345
346,100346
347,100347
348,100348
349,100349
350,100350
351,100351
352,100352
353,100353
354,100354
355,100355
356,100356
357,100357
358,100358
359,100359
360,100360
361,100361
362,100362
363,100363
364,100364
365,100365
366,100366
367,100367
368,100368
369,100369
370,100370
371,100371
372,100372
373,100373
374,100374
375,100375
376,100376
377,100377
378,100378
379,100379
380,100380
381,100381
382,100382
383,100383
384,100384
385,100385
386,100386
387,100387
388,100388
389,100389
390,100390
391,100391
392,100392
393,100393
394,100394
395,100395
396,100396
397,100397
398,100398
399,100399
400,100400
401,100401
402,100402
403,100403
404,100404
405,100405
406,100406
407,100407
408,100408
409,100409
410,100410
411,100411
412,100412
413,100413
414,100414
415,100415
416,100416
417,100417
418,100418
419,100419
420,100420
421,100421
422,100422
423,100423
424,100424
425,100425
426,100426
427,100427
428,100428
429,100429
430,100430
431,100431
432,100432
433,100433
434,100434
435,100435
436,100436
437,100437
438,100438
439,100439
440,100440
441,100441
442,100442
443,100443
444,100444
445,100445
446,100446
447,100447
448,100448
449,100449
450,100450
451,100451
452,100452
453,100453
454,100454
455,100455
456,100456
457,100457
458,100458
459,100459
460,100460
461,100461
462,100462
463,100463
464,100464
465,100465
466,100466
467,100467
468,100468
469,100469
470,100470
471,100471
472,100472
473,100473
474,100474
475,100475
476,100476
477,100477
478,100478
479,100479
480,100480
481,100481
482,100482
483,100483
484,100484
485,100485
486,100486
487,100487
488,100488
489,100489
490,100490
491,100491
492,100492
493,100493
494,100494
495,100495
496,100496
497,100497
498,100498
499,100499
500,100500
501,100501
502,100502
503,100503
504,100504
505,100505
506,100506
507,100507
508,100508
509,100509
510,100510
511,100511
512,100512
513,100513
514,100514
515,100515
516,100516
517,100517
518,100518
519,100519
520,100520
521,100521
522,100522
523,100523
524,100524
525,100525
526,100526
527,100527
528,100528
529,100529
530,100530
531,100531
532,100532
533,100533
534,100534
535,100535
536,100536
537,100537
538,100538
539,100539
540,100540
541,100541
542,100542
543,100543
544,100544
545,100545
546,100546
547,100547
548,100548
549,100549
550,100550
551,100551
552,100552
553,100553
554,100554
555,100555
556,100556
557,100557
558,100558
559,100559
560,100560
561,100561
562,100562
563,100563
564,100564
565,100565
566,100566
567,100567
568,100568
569,100569
570,100570
571,100571
572,100572
573,100573
574,100574
575,100575
576,100576
577,100577
578,100578
579,100579
580,100580
581,100581
582,100582
583,100583
584,100584
585,100585
586,100586
587,100587
588,100588
589,100589
590,100590
591,100591
592,100592
593,100593
594,100594
595,100595
596,100596
597,100597
598,100598
599,100599
600,100600
601,100601
602,100602
603,100603
604,100604
605,100605
606,100606
607,100607
608,100608
609,100609
610,100610
611,100611
612,100612
613,100613
614,100614
615,100615
616,100616
617,100617
618,100618
619,100619
620,100620
621,100621
622,100622
623,100623
624,100624
625,100625
626,100626
627,100627
628,100628
629,100629
630,100630
631,100631
632,100632
633,100633
634,100634
635,100635
636,100636
637,100637
638,100638
639,100639
640,100640
641,100641
642,100642
643,100643
644,100644
645,100645
646,100646
647,100647
648,100648
649,100649
650,100650
651,100651
652,100652
653,100653
654,100654
655,100655
656,100656
657,100657
658,100658
659,100659
660,100660
661,100661
662,100662
663,100663
664,100664
665,100665
666,100666
667,100667
668,100668
669,100669
670,100670
671,100671
672,100672
673,100673
674,100674
675,100675
676,100676
677,100677
678,100678
679,100679
680,100680
681,100681
682,100682
683,100683
684,100684
685,100685
686,100686
687,100687
688,100688
689,100689
690,100690
691,100691
692,100692
693,100693
694,100694
695,100695
696,100696
697,100697
698,100698
699,100699
700,100700
701,100701
702,100702
703,100703
704,100704
705,100705
706,100706
707,100707
708,100708
709,100709
710,100710
711,100711
712,100712
713,100713
714,100714
715,100715
716,100716
717,100717
718,100718
719,100719
720,100720
721,100721
722,100722
723,100723
724,100724
725,100725
726,100726
727,100727
728,100728
729,100729
730,100730
731,100731
732,100732
733,100733
734,100734
735,100735
736,100736
737,100737
738,100738
739,100739
740,100740
741,100741
742,100742
743,100743
744,100744
745,100745
746,100746
747,100747
748,100748
749,100749
750,100750
751,100751
752,100752
753,100753
754,100754
755,100755
756,100756
757,100757
758,100758
759,100759
760,100760
761,100761
762,100762
763,100763
764,100764
765,100765
766,100766
767,100767
768,100768
769,100769
770,100770
771,100771
772,100772
773,100773
774,100774
775,100775
776,100776
777,100777
778,100778
779,100779
780,100780
781,100781
782,100782
783,100783
784,100784
785,100785
786,100786
787,100787
788,100788
789,100789
790,100790
791,100791
792,100792
793,100793
794,100794
795,100795
796,100796
797,100797
798,100798
799,100799
800,100800
801,100801
802,100802
803,100803
804,100804
805,100805
806,100806
807,100807
808,100808
809,100809
810,100810
811,100811
812,100812
813,100813
814,100814
815,100815
816,100816
817,100817
818,100818
819,100819
820,100820
821,100821
822,100822
823,100823
824,100824
825,100825
826,100826
827,100827
828,100828
829,100829
830,100830
831,100831
832,100832
833,100833
834,100834
835,100835
836,100836
837,100837
838,100838
839,100839
840,100840
841,100841
842,100842
843,100843
844,100844
845,100845
846,100846
847,100847
848,100848
849,100849
850,100850
851,100851
852,100852
853,100853
854,100854
855,100855
856,100856
857,100857
858,100858
859,100859
860,100860
861,100861
862,100862
863,100863
864,100864
865,100865
866,100866
867,100867
868,100868
869,100869
870,100870
871,100871
872,100872
873,100873
874,100874
875,100875
876,100876
877,100877
878,100878
879,100879
880,100880
881,100881
882,100882
883,100883
884,100884
885,100885
886,100886
887,100887
888,100888
889,100889
890,100890
891,100891
892,100892
893,100893
894,100894
895,100895
896,100896
897,100897
898,100898
899,100899
900,100900
901,100901
902,100902
903,100903
904,100904
905,100905
906,100906
907,100907
908,100908
909,100909
910,100910
911,100911
912,100912
913,100913
914,100914
915,100915
916,100916
917,100917
918,100918
919,100919
920,100920
921,100921
922,100922
923,100923
924,100924
925,100925
926,100926
927,100927
928,100928
929,100929
930,100930
931,100931
932,100932
933,100933
934,100934
935,100935
936,100936
937,100937
938,100938
939,100939
940,100940
941,100941
942,100942
943,100943
944,100944
945,100945
946,100946
947,100947
948,100948
949,100949
950,100950
951,100951
952,100952
953,100953
954,100954
955,100955
956,100956
957,100957
958,100958
959,100959
960,100960
961,100961
962,100962
963,100963
964,100964
965,100965
966,100966
967,100967
968,100968
969,100969
970,100970
971,100971
972,100972
973,100973
974,100974
975,100975
976,100976
977,100977
978,100978
979,100979
980,100980
981,100981
982,100982
983,100983
984,100984
985,100985
986,100986
987,100987
988,100988
989,100989
990,100990
991,100991
992,100992
993,100993
994,100994
995,100995
996,100996
997,100997
998,100998
999,100999
1000,1001000
